{
  "backend\\test_archetype.py": 1776362569.1237879,
  "backend\\test_ats_pipeline.py": 1776314014.896651,
  "backend\\test_fit_analyzer.py": 1776362676.2486098,
  "backend\\test_portal_scanner.py": 1776362616.5050726,
  "backend\\app\\main.py": 1775848482.844023,
  "backend\\app\\__init__.py": 1775762325.576335,
  "backend\\app\\api\\__init__.py": 1775762581.057482,
  "backend\\app\\api\\routes\\generate.py": 1776320825.650614,
  "backend\\app\\api\\routes\\interview.py": 1776316223.2515843,
  "backend\\app\\api\\routes\\jobs.py": 1776363601.7720666,
  "backend\\app\\api\\routes\\resume.py": 1775762561.4570663,
  "backend\\app\\api\\routes\\__init__.py": 1775762583.3095512,
  "backend\\app\\core\\canadian_portals.py": 1776363042.8530486,
  "backend\\app\\core\\config.py": 1776108337.319543,
  "backend\\app\\core\\database.py": 1776362513.1798923,
  "backend\\app\\core\\__init__.py": 1775762276.4500513,
  "backend\\app\\models\\interview.py": 1776134368.6709669,
  "backend\\app\\models\\job.py": 1776362492.3984447,
  "backend\\app\\models\\session.py": 1775762291.1344442,
  "backend\\app\\models\\__init__.py": 1775848396.1801457,
  "backend\\app\\schemas\\interview.py": 1776316177.6101394,
  "backend\\app\\schemas\\job.py": 1776362506.4087384,
  "backend\\app\\schemas\\resume.py": 1775801279.8643198,
  "backend\\app\\schemas\\__init__.py": 1775762313.7583144,
  "backend\\app\\scrapers\\base.py": 1775794128.287491,
  "backend\\app\\scrapers\\eluta_scraper.py": 1775794135.9166021,
  "backend\\app\\scrapers\\jobbank_scraper.py": 1775794137.9262662,
  "backend\\app\\scrapers\\jobspy_scraper.py": 1775794161.0932746,
  "backend\\app\\scrapers\\orchestrator.py": 1776363287.2842221,
  "backend\\app\\scrapers\\__init__.py": 1775762417.0304265,
  "backend\\app\\services\\archetype_detector.py": 1776362378.8338983,
  "backend\\app\\services\\ats_optimizer.py": 1776320955.4733984,
  "backend\\app\\services\\company_enrichment.py": 1775848408.841997,
  "backend\\app\\services\\cover_letter.py": 1775790161.9928095,
  "backend\\app\\services\\fit_analyzer.py": 1776362416.2444959,
  "backend\\app\\services\\github_ingestion.py": 1776319635.957857,
  "backend\\app\\services\\groq_chat.py": 1776106399.2299697,
  "backend\\app\\services\\interview_qa_generator.py": 1776106421.914183,
  "backend\\app\\services\\linkedin_ingestion.py": 1775805090.8476107,
  "backend\\app\\services\\matcher.py": 1775776908.5848906,
  "backend\\app\\services\\portal_scanner.py": 1776363516.812914,
  "backend\\app\\services\\resume_parser.py": 1775762452.2499282,
  "backend\\app\\services\\skill_inference.py": 1775796411.9172027,
  "backend\\app\\services\\__init__.py": 1775762516.5863125,
  "frontend\\postcss.config.js": 1775762609.5815406,
  "frontend\\tailwind.config.ts": 1775802955.5119772,
  "frontend\\vite.config.ts": 1775762597.6182501,
  "frontend\\src\\App.tsx": 1775848923.3413272,
  "frontend\\src\\main.tsx": 1775762628.0538576,
  "frontend\\src\\components\\CitySelector.tsx": 1775794224.717739,
  "frontend\\src\\components\\DistanceSlider.tsx": 1775794233.7111082,
  "frontend\\src\\components\\JobCard.tsx": 1776363644.0887387,
  "frontend\\src\\components\\ProfileInputForm.tsx": 1775796510.9922163,
  "frontend\\src\\components\\ResumeDropzone.tsx": 1775768002.279325,
  "frontend\\src\\components\\TransparencyReport.tsx": 1775803716.8114405,
  "frontend\\src\\components\\interview\\BrainstormChat.tsx": 1775849191.7324123,
  "frontend\\src\\components\\interview\\CompanyLinks.tsx": 1775849007.307923,
  "frontend\\src\\components\\interview\\GitHubRepos.tsx": 1776109432.259174,
  "frontend\\src\\components\\interview\\InterviewQA.tsx": 1776106925.6757417,
  "frontend\\src\\components\\interview\\JobDetails.tsx": 1775848994.604208,
  "frontend\\src\\components\\interview\\ResumeOptimizer.tsx": 1776135378.0529935,
  "frontend\\src\\components\\interview\\ResumePreview.tsx": 1776134019.035394,
  "frontend\\src\\components\\layout\\Navbar.tsx": 1775802967.682426,
  "frontend\\src\\components\\layout\\Sidebar.tsx": 1776111698.8116193,
  "frontend\\src\\components\\ui\\BoardBadge.tsx": 1776363538.5237556,
  "frontend\\src\\components\\ui\\ScoreRing.tsx": 1775767969.8432171,
  "frontend\\src\\components\\ui\\SkillTag.tsx": 1775767960.4873066,
  "frontend\\src\\components\\ui\\Spinner.tsx": 1775767525.1717217,
  "frontend\\src\\data\\canadianCities.ts": 1775794213.9280498,
  "frontend\\src\\lib\\api.ts": 1776320818.7984893,
  "frontend\\src\\pages\\CoverLetter.tsx": 1775804062.7385678,
  "frontend\\src\\pages\\Dashboard.tsx": 1776364127.6106422,
  "frontend\\src\\pages\\InterviewPrep.tsx": 1776135367.8810272,
  "frontend\\src\\pages\\InterviewSessions.tsx": 1776316267.785295,
  "frontend\\src\\pages\\Landing.tsx": 1776363832.7796633,
  "frontend\\src\\pages\\NewInterviewSession.tsx": 1776107344.8205528,
  "frontend\\src\\pages\\Optimize.tsx": 1775849160.4506366,
  "frontend\\src\\store\\appStore.ts": 1776111704.050944,
  "frontend\\src\\types\\index.ts": 1776363524.0884185,
  "indeed-stealth-scraper\\indeed_scraper\\browser_manager.py": 1775851852.7593415,
  "indeed-stealth-scraper\\indeed_scraper\\it_classifier.py": 1775973504.9243948,
  "indeed-stealth-scraper\\indeed_scraper\\job_parser.py": 1775973325.5033526,
  "indeed-stealth-scraper\\indeed_scraper\\logger.py": 1775851806.7337527,
  "indeed-stealth-scraper\\indeed_scraper\\main.py": 1775851951.068784,
  "indeed-stealth-scraper\\indeed_scraper\\proxy_manager.py": 1775851825.1334178,
  "indeed-stealth-scraper\\indeed_scraper\\scraper_core.py": 1775973919.5569372,
  "indeed-stealth-scraper\\indeed_scraper\\storage_manager.py": 1775851893.9575465,
  "indeed-stealth-scraper\\indeed_scraper\\__init__.py": 1775851952.8711588,
  "indeed-stealth-scraper\\indeed_scraper\\api\\main.py": 1775855153.8252509,
  "indeed-stealth-scraper\\indeed_scraper\\api\\scrape_runner.py": 1775973923.5833104,
  "indeed-stealth-scraper\\indeed_scraper\\api\\__init__.py": 1775854148.7941406,
  "indeed-stealth-scraper\\indeed_scraper\\api\\routes\\export.py": 1775854232.244606,
  "indeed-stealth-scraper\\indeed_scraper\\api\\routes\\results.py": 1775940145.271499,
  "indeed-stealth-scraper\\indeed_scraper\\api\\routes\\scrape.py": 1775859670.508463,
  "indeed-stealth-scraper\\indeed_scraper\\api\\routes\\__init__.py": 1775854149.0622747,
  "indeed-stealth-scraper\\indeed_scraper\\ui\\app.js": 1775972281.4055212,
  "indeed-stealth-scraper\\tests\\capture_session.py": 1775863136.2547827,
  "indeed-stealth-scraper\\tests\\diagnose_page.py": 1775861568.3343048,
  "indeed-stealth-scraper\\tests\\test_classifier.py": 1775973378.4883306,
  "indeed-stealth-scraper\\tests\\test_scraper.py": 1775939094.2264853,
  "README.md": 1776109228.9815886,
  "backend\\requirements.txt": 1775848438.645274,
  "frontend\\index.html": 1775767190.9620051,
  "frontend\\theme-context.txt": 1775802574.6831255,
  "frontend\\stitch_ref\\code.html": 1775781314.0,
  "frontend\\stitch_ref\\DESIGN.md": 1775781314.0,
  "indeed-stealth-scraper\\proxies.txt": 1775851960.9890685,
  "indeed-stealth-scraper\\README.md": 1775855159.48462,
  "indeed-stealth-scraper\\requirements.txt": 1775942554.009921,
  "indeed-stealth-scraper\\indeed_scraper\\ui\\index.html": 1775971404.7846088,
  "indeed-stealth-scraper\\Prompts\\indeed_scraper_debug_prompt.txt": 1775860619.5370097,
  "indeed-stealth-scraper\\Prompts\\indeed_scraper_prompt.txt": 1775851721.6570609,
  "indeed-stealth-scraper\\Prompts\\indeed_scraper_ui_prompt.txt": 1775853925.7215784,
  "indeed-stealth-scraper\\tests\\diag\\page_start0.html": 1775861649.0530658,
  "indeed-stealth-scraper\\tests\\diag\\page_start10.html": 1775861656.9185364,
  "prompts\\Improving Optimizer.txt": 1776241920.7937908,
  "prompts\\interview_prep_prompt.txt": 1775848068.0972953,
  "prompts\\job-hunt-enhancements-v2.txt": 1776362240.5580764,
  "prompts\\Phases.txt": 1775848031.9421966,
  "prompts\\resume_optimization_prompt.txt": 1775796231.0159247,